id,name,created_at,updated_at
1,Haskell,2014-10-27 21:44:26,2014-10-27 21:44:26
2,NULL,2014-10-27 21:47:55,2014-10-27 21:47:55
3,aafsdfds,2014-10-27 21:49:23,2014-10-27 21:49:23
4,aff,2014-10-27 21:53:27,2014-10-27 21:53:27
5,aaa,2014-10-27 21:56:52,2014-10-27 21:56:52
6,C-language,2014-10-28 10:56:00,2014-10-28 10:56:00
7,C言語,2014-10-28 10:56:00,2014-10-28 10:56:00
8,C,2014-10-28 11:00:05,2014-10-28 11:00:05
9,C++,2014-10-28 11:13:59,2014-10-28 11:13:59
10,test,2014-10-28 20:24:12,2014-10-28 20:24:12
11,Git,2014-10-29 15:27:10,2014-10-29 15:27:10
12,Fortran,2014-10-30 15:49:10,2014-10-30 15:49:10
13,php,2014-11-01 14:26:36,2014-11-01 14:26:36
14,mbed,2014-11-02 04:35:41,2014-11-02 04:35:41
15,screen,2014-11-02 04:35:41,2014-11-02 04:35:41
16,gnuplot,2014-11-04 11:07:16,2014-11-04 11:07:16
17,javascript,2014-11-07 15:55:17,2014-11-07 15:55:17
18,laravel,2014-11-07 16:31:50,2014-11-07 16:31:50
19,MySQL,2014-11-07 19:55:56,2014-11-07 19:55:56
20,shell-script,2014-11-08 14:02:42,2014-11-08 14:02:42
21,入力,2014-11-08 16:35:59,2014-11-08 16:35:59
22,Ubuntu,2014-11-12 17:35:31,2014-11-12 17:35:31
23,opencv,2014-11-19 19:54:22,2014-11-19 19:54:22
24,opencv-2,2014-11-19 19:54:22,2014-11-19 19:54:22
25,Win32API,2014-11-30 19:08:32,2014-11-30 19:08:32
26,timeBeginPeriod,2014-11-30 19:08:32,2014-11-30 19:08:32
27,stdin,2014-11-30 19:20:23,2014-11-30 19:20:23
28,数値,2014-11-30 19:20:23,2014-11-30 19:20:23
29,正規表現,2014-12-01 22:23:37,2014-12-01 22:23:37
30,n,2014-12-02 18:24:54,2014-12-02 18:24:54
31,ポインタ,2014-12-02 18:50:13,2014-12-02 18:50:13
32,標準入力,2014-12-04 12:21:00,2014-12-04 12:21:00
33,coffee-js-watch,2014-12-04 21:21:32,2014-12-04 21:21:32
34,累乗,2014-12-05 04:11:41,2014-12-05 04:11:41
35,多次元配列,2014-12-09 19:37:04,2014-12-09 19:37:04
36,malloc,2014-12-09 19:37:04,2014-12-09 19:37:04
37,free,2014-12-09 19:37:04,2014-12-09 19:37:04
38,html,2014-12-10 18:04:46,2014-12-10 18:04:46
39,css,2014-12-10 18:09:06,2014-12-10 18:09:06
40,Unix,2014-12-13 16:48:12,2014-12-13 16:48:12
41,コマンド,2014-12-13 16:48:12,2014-12-13 16:48:12
42,Sublime-Text-2,2014-12-13 17:02:07,2014-12-13 17:02:07
43,乱数,2014-12-14 17:14:56,2014-12-14 17:14:56
44,AngularJS,2014-12-14 18:16:29,2014-12-14 18:16:29
45,Google-Analytics,2014-12-14 18:16:29,2014-12-14 18:16:29
46,コンパイラ,2014-12-16 19:50:38,2014-12-16 19:50:38
47,HelloWorld,2014-12-16 19:50:38,2014-12-16 19:50:38
48,Redis,2014-12-19 12:44:33,2014-12-19 12:44:33
49,Linux,2014-12-21 18:42:25,2014-12-21 18:42:25
50,リスト,2014-12-22 20:12:09,2014-12-22 20:12:09
51,Sublime-Text,2014-12-23 23:30:49,2014-12-23 23:30:49
52,http,2014-12-24 18:20:19,2014-12-24 18:20:19
53,uri,2014-12-24 18:20:19,2014-12-24 18:20:19
54,clearfix,2014-12-26 18:00:35,2014-12-26 18:00:35
55,関数ポインタ,2014-12-26 21:39:34,2014-12-26 21:39:34
56,phpunit,2015-01-03 14:11:25,2015-01-03 14:11:25
57,ネットワーク,2015-01-04 02:23:26,2015-01-04 02:23:26
58,URL,2015-01-04 02:23:26,2015-01-04 02:23:26
59,JSON,2015-01-04 02:23:31,2015-01-04 02:23:31
60,curl,2015-01-04 02:29:55,2015-01-04 02:29:55
61,配列,2015-01-04 20:54:20,2015-01-04 20:54:20
62,オブジェクト,2015-01-04 20:54:20,2015-01-04 20:54:20
63,シャッフル,2015-01-04 20:54:20,2015-01-04 20:54:20
64,アルゴリズム,2015-01-04 20:54:20,2015-01-04 20:54:20
65,データベース,2015-01-07 02:11:57,2015-01-07 02:11:57
66,挿入,2015-01-07 02:11:57,2015-01-07 02:11:57
67,db,2015-01-07 02:11:57,2015-01-07 02:11:57
68,CSRF,2015-01-07 03:14:57,2015-01-07 03:14:57
69,XSRF,2015-01-07 03:14:57,2015-01-07 03:14:57
70,Swift,2015-01-08 19:00:45,2015-01-08 19:00:45
71,Terminal,2015-01-12 06:10:29,2015-01-12 06:10:29
72,端末,2015-01-12 06:10:29,2015-01-12 06:10:29
73,Android,2015-01-17 14:59:59,2015-01-17 14:59:59
74,Makefile,2015-01-17 16:07:04,2015-01-17 16:07:04
75,java,2015-01-17 17:43:04,2015-01-17 17:43:04
76,Android-Fragment,2015-01-18 13:40:18,2015-01-18 13:40:18
77,MongoDB,2015-01-20 09:27:07,2015-01-20 09:27:07
78,MongoDB-population,2015-01-20 12:11:14,2015-01-20 12:11:14
79,AngularJS-directive,2015-01-20 20:24:51,2015-01-20 20:24:51
80,Mac-OSX,2015-01-21 16:40:06,2015-01-21 16:40:06
81,command,2015-01-21 16:40:06,2015-01-21 16:40:06
82,font-fmily,2015-01-22 22:21:23,2015-01-22 22:21:23
83,ヒラギノ,2015-01-22 22:21:23,2015-01-22 22:21:23
84,meiryo,2015-01-22 22:21:23,2015-01-22 22:21:23
85,メイリオ,2015-01-22 22:21:23,2015-01-22 22:21:23
86,hiragino,2015-01-22 22:21:23,2015-01-22 22:21:23
87,Android-ListView,2015-01-24 04:14:59,2015-01-24 04:14:59
88,リサイズ,2015-01-24 05:20:47,2015-01-24 05:20:47
89,アイコン,2015-01-24 05:23:51,2015-01-24 05:23:51
90,scolling-animation,2015-01-26 02:51:34,2015-01-26 02:51:34
91,Network-Manager,2015-01-26 09:37:15,2015-01-26 09:37:15
92,AngularJS-RouteUI,2015-01-26 14:07:11,2015-01-26 14:07:11
93,関数型,2015-01-26 17:02:07,2015-01-26 17:02:07
94,ショートコーディング,2015-01-26 17:02:07,2015-01-26 17:02:07
95,配列の初期化,2015-01-26 17:02:07,2015-01-26 17:02:07
96,setTimeout,2015-01-26 17:38:34,2015-01-26 17:38:34
97,タイマー,2015-01-26 17:38:34,2015-01-26 17:38:34
98,再帰,2015-01-26 17:38:34,2015-01-26 17:38:34
99,ループ,2015-01-26 17:38:34,2015-01-26 17:38:34
100,AngularJS-resources,2015-01-27 10:08:20,2015-01-27 10:08:20
101,AngularJS-http,2015-01-27 11:58:08,2015-01-27 11:58:08
102,ファイルアップロード,2015-01-28 10:57:41,2015-01-28 10:57:41
103,http-url,2015-01-29 22:17:27,2015-01-29 22:17:27
104,node.js,2015-01-30 03:00:08,2015-01-30 03:00:08
105,express.js,2015-01-30 03:00:08,2015-01-30 03:00:08
106,AngularJS-スコープ,2015-01-30 15:48:46,2015-01-30 15:48:46
107,名前空間,2015-01-31 00:27:41,2015-01-31 00:27:41
108,constexpr,2015-01-31 01:06:39,2015-01-31 01:06:39
109,math,2015-01-31 01:12:39,2015-01-31 01:12:39
110,Grunt,2015-01-31 13:20:36,2015-01-31 13:20:36
111,MongoDB-import,2015-01-31 13:56:39,2015-01-31 13:56:39
112,React.js,2015-02-08 04:08:44,2015-02-08 04:08:44
113,CentOS,2015-02-17 14:26:08,2015-02-17 14:26:08
114,firefox-os,2015-03-08 00:08:57,2015-03-08 00:08:57
115,ruby,2015-03-08 01:24:50,2015-03-08 01:24:50
116,Apache2,2015-03-08 02:34:45,2015-03-08 02:34:45
117,Emacs,2015-03-09 09:04:39,2015-03-09 09:04:39
118,ソート,2015-03-09 09:04:39,2015-03-09 09:04:39
119,Chrome-App,2015-03-09 14:26:12,2015-03-09 14:26:12
120,シリアル通信,2015-03-09 14:26:23,2015-03-09 14:26:23
121,string,2015-03-12 13:58:57,2015-03-12 13:58:57
122,jQuery,2015-03-14 12:32:10,2015-03-14 12:32:10
123,font-awesome,2015-03-30 03:14:15,2015-03-30 03:14:15
124,AngularJS-animate,2015-03-31 18:49:47,2015-03-31 18:49:47
125,画像処理,2015-04-05 04:07:54,2015-04-05 04:07:54
126,グレースケール化,2015-04-05 04:07:54,2015-04-05 04:07:54
127,IPA,2015-04-05 04:29:32,2015-04-05 04:29:32
128,Tag,2015-04-06 12:50:32,2015-04-06 12:50:32
129,Knockout.js,2015-04-14 03:51:01,2015-04-14 03:51:01
130,Bootstrap-Alert,2015-04-15 02:38:41,2015-04-15 02:38:41
131,Laravel-eloquent,2015-04-17 06:13:31,2015-04-17 06:13:31
132,C++11,2015-04-25 03:25:16,2015-04-25 03:25:16
133,auto,2015-04-25 03:25:16,2015-04-25 03:25:16
134,html5,2015-04-28 02:23:45,2015-04-28 02:23:45
135,JavaScript-canvas,2015-04-29 06:56:00,2015-04-29 06:56:00
136,iOS,2015-05-03 10:58:34,2015-05-03 10:58:34
137,directX,2015-05-03 11:57:21,2015-05-03 11:57:21
138,vector,2015-05-03 14:49:15,2015-05-03 14:49:15
139,prime-num,2015-05-03 14:50:15,2015-05-03 14:50:15
140,エラトステネスのふるい,2015-05-03 14:54:15,2015-05-03 14:54:15
141,lambda,2015-05-03 15:18:15,2015-05-03 15:18:15
142,intel-edison,2015-05-07 16:53:06,2015-05-07 16:53:06
143,find,2015-05-08 10:22:11,2015-05-08 10:22:11
144,std::thread,2015-05-09 02:25:00,2015-05-09 02:25:00
145,std::vector,2015-05-09 02:25:00,2015-05-09 02:25:00
146,調和数,2015-05-09 02:25:00,2015-05-09 02:25:00
147,std::array,2015-05-09 10:38:42,2015-05-09 10:38:42
148,range-base_for,2015-05-10 16:28:58,2015-05-10 16:28:58
149,User-defined-literals,2015-05-10 16:29:58,2015-05-10 16:29:58
150,rep,2015-05-10 16:29:58,2015-05-10 16:29:58
151,Xcode,2015-05-11 18:03:02,2015-05-11 18:03:02
152,git://,2015-05-11 21:10:31,2015-05-11 21:10:31
153,http://,2015-05-11 21:10:31,2015-05-11 21:10:31
154,https://,2015-05-11 21:10:31,2015-05-11 21:10:31
155,素数探索,2015-05-14 12:49:50,2015-05-14 12:49:50
156,C99,2015-05-14 12:58:24,2015-05-14 12:58:24
157,C++14,2015-05-14 12:58:24,2015-05-14 12:58:24
158,unique_ptr,2015-05-14 22:18:51,2015-05-14 22:18:51
159,スマートポインタ,2015-05-14 22:18:51,2015-05-14 22:18:51
160,Nginx,2015-05-19 02:21:03,2015-05-19 02:21:03
161,Git-alias,2015-05-21 10:09:20,2015-05-21 10:09:20
162,laravel-cookies,2015-05-23 03:44:46,2015-05-23 03:44:46
163,queue,2015-05-26 02:36:22,2015-05-26 02:36:22
164,scanf,2015-05-26 07:48:17,2015-05-26 07:48:17
165,web,2015-05-27 09:52:17,2015-05-27 09:52:17
166,algorithm,2015-05-28 06:45:00,2015-05-28 06:45:00
167,ng-if,2015-05-30 08:16:39,2015-05-30 08:16:39
168,template,2015-05-31 06:23:20,2015-05-31 06:23:20
169,tempa,2015-05-31 06:24:21,2015-05-31 06:24:21
170,iostream,2015-06-01 10:46:15,2015-06-01 10:46:15
171,チートシート,2015-06-02 03:59:27,2015-06-02 03:59:27
172,UIKit,2015-06-04 09:38:09,2015-06-04 09:38:09
173,ng-repeat,2015-06-07 08:22:40,2015-06-07 08:22:40
174,標準偏差,2015-06-08 16:13:13,2015-06-08 16:13:13
175,ajax,2015-06-09 07:52:35,2015-06-09 07:52:35
176,AngularJS-watch,2015-06-11 00:51:13,2015-06-11 00:51:13
177,AngularJS-apply,2015-06-11 00:52:07,2015-06-11 00:52:07
178,AngularJS-interval,2015-06-11 02:28:16,2015-06-11 02:28:16
179,server,2015-06-11 05:23:24,2015-06-11 05:23:24
180,cabal,2015-06-15 09:10:59,2015-06-15 09:10:59
181,Singleton,2015-06-16 09:57:46,2015-06-16 09:57:46
